paper_id,title,domain,mode,task_id_or_doc_id,url
paper_arxiv_2210_14128,IELM: An Open Information Extraction Benchmark for Pre-Trained Language Models,scientific-ml,agent_file,6fbc3486-89b4-4f72-9862-8f194574147b10,
paper_arxiv_2301_08773,Laboratory study of the failed torus mechanism in arched line-tied magnetic flux ropes,plasma-physics,agent_file,6c381b48-2513-4100-b70e-7b055872015d10,
paper_luxsit,De novo design of artificial luciferases,protein-engineering,precise,bb6f42b9-f7eb-4322-af3b-717bf05cb642,https://cdn.kesci.com/admin/tcsy5zdaw/Sci-Evo-Sample.pdf
paper_luxsit_sample,De novo design of artificial luciferases from scratch,protein-engineering,agent_file,e165283f-33d6-4a11-8368-eb447ae7ab3d10,
paper_scv_00001e8037,De novo protein backbone generation based on diffusion with structured priors and adversarial training,protein-engineering,sciverse_content_v1,29c5eb0564bb72df07a5c188d3864b4909659a2638c15be7e2680fa6dbc1836a,https://api.sciverse.space/content?doc_id=29c5eb0564bb72df07a5c188d3864b4909659a2638c15be7e2680fa6dbc1836a
paper_scv_0082f071c2,The Emergence of Systematic Review in Toxicology,scientific-ml,sciverse_content_v1,7b18d3df0d32dad12d3724028cde8aad325ab3254a06ef7b9cf13de7cd44635c,https://api.sciverse.space/content?doc_id=7b18d3df0d32dad12d3724028cde8aad325ab3254a06ef7b9cf13de7cd44635c
paper_scv_0134585985,A multi-modal pre-training transformer for universal transfer learning in metal–organic frameworks,materials-science,sciverse_content_v1,d59dadcc83b09371b89d726e2e30567d34ee85cf88cce6a5b2fc7f8043762d54,https://api.sciverse.space/content?doc_id=d59dadcc83b09371b89d726e2e30567d34ee85cf88cce6a5b2fc7f8043762d54
paper_scv_0d785f76c4,Multifunctional Nanocomposites for Energy and Environmental Applications,materials-science,sciverse_content_v1,fe41f7825449ff0b3c9252bebf3ba67a9e5ad7971068f90527140a17ee2d9e4a,https://api.sciverse.space/content?doc_id=fe41f7825449ff0b3c9252bebf3ba67a9e5ad7971068f90527140a17ee2d9e4a
paper_scv_0e41f91ce4,Machine Learning Meets with Metal Organic Frameworks for Gas Storage and Separation,materials-science,sciverse_content_v1,993757349a3443154d0596fdce25ac035c1bfdf37516c76b2873efed4ae040bb,https://api.sciverse.space/content?doc_id=993757349a3443154d0596fdce25ac035c1bfdf37516c76b2873efed4ae040bb
paper_scv_0f129e20bd,Modeling interfaces between solids: Application to Li battery materials,materials-science,sciverse_content_v1,b4fbf0a21e3298bbe873abeab35229d925cc7b7a1fe1f6d33ec1cd1648675f0e,https://api.sciverse.space/content?doc_id=b4fbf0a21e3298bbe873abeab35229d925cc7b7a1fe1f6d33ec1cd1648675f0e
paper_scv_0fb467be9a,Retrieval-Augmented Generation for AI-Generated Content: A Survey,scientific-ml,sciverse_content_v1,ebee70e61cc1b5ce8bcaa15699b00aa4c22f20811751ea2a501d273780f88892,https://api.sciverse.space/content?doc_id=ebee70e61cc1b5ce8bcaa15699b00aa4c22f20811751ea2a501d273780f88892
paper_scv_113d0a072c,A comprehensive survey of inverse uncertainty quantification of physical model parameters in nuclear system thermal–hydraulics codes,earth-science,sciverse_content_v1,f345873d234f18b4b880b94186f90bfc0956d81e0092ccd612e5519c5ebf1509,https://api.sciverse.space/content?doc_id=f345873d234f18b4b880b94186f90bfc0956d81e0092ccd612e5519c5ebf1509
paper_scv_13e945d66e,A dynamic magnetic tension force as the cause of failed solar eruptions,plasma-physics,sciverse_content_v1,c24960d451eadf57efe612c7742c7ac8506344f0472407b4e77937fbbdd3d3d3,https://api.sciverse.space/content?doc_id=c24960d451eadf57efe612c7742c7ac8506344f0472407b4e77937fbbdd3d3d3
paper_scv_1401615207,Using Thermal Interface Resistance for Noninvasive Operando Mapping of Buried Interfacial Lithium Morphology in Solid-State Batteries,materials-science,sciverse_content_v1,9ddc1eac0dd412ff8b826cd9ca4492700e1efc9b838fe0c88242e4b9b2c174c2,https://api.sciverse.space/content?doc_id=9ddc1eac0dd412ff8b826cd9ca4492700e1efc9b838fe0c88242e4b9b2c174c2
paper_scv_1527e66826,The configuration and failed eruption of a complex magnetic flux rope above a δ sunspot region,plasma-physics,sciverse_content_v1,4f388a45a49aa135a60b4bb5bbbf46e59c22e09d9bea474cf1ee41dd167329ed,https://api.sciverse.space/content?doc_id=4f388a45a49aa135a60b4bb5bbbf46e59c22e09d9bea474cf1ee41dd167329ed
paper_scv_155991fa7f,Overview of Recent Strategic Advances in Medicinal Chemistry,drug-discovery,sciverse_content_v1,354bcb3a1386e454e000cdef32f4c728bc0e0544dc98ed81aeb18b7ee223c18c,https://api.sciverse.space/content?doc_id=354bcb3a1386e454e000cdef32f4c728bc0e0544dc98ed81aeb18b7ee223c18c
paper_scv_16d546c34e,"Chemical warfare agents: biomedical and psychological effects, medical countermeasures and emergency response",protein-engineering,sciverse_content_v1,1801d140cac6a1b7cb96ed0ae211d1649a67493da97085fa2dd9004e7f9f3b6a,https://api.sciverse.space/content?doc_id=1801d140cac6a1b7cb96ed0ae211d1649a67493da97085fa2dd9004e7f9f3b6a
paper_scv_16deaeb2f1,The upper end of climate model temperature projections is inconsistent with past warming,earth-science,sciverse_content_v1,01469d493fc9f303dc910cc0d4027f0728798283c55ec48aee03c2f8b81602f3,https://api.sciverse.space/content?doc_id=01469d493fc9f303dc910cc0d4027f0728798283c55ec48aee03c2f8b81602f3
paper_scv_1720008af4,"Recent advances in the interfacial stability, design and in situ characterization of garnet-type Li7La3Zr2O12 solid-state electrolytes based lithium metal batteries",materials-science,sciverse_content_v1,986bc22aa22027597667804856c88f557ae0d141b35e6a0f9951926fb5b8bff0,https://api.sciverse.space/content?doc_id=986bc22aa22027597667804856c88f557ae0d141b35e6a0f9951926fb5b8bff0
paper_scv_1805188e2e,Guidance on protocol development for EFSA generic scientific assessments,scientific-ml,sciverse_content_v1,d26bbab98f162f2772f34715c5d7a2819eb6309894916413fbbd3dca87821282,https://api.sciverse.space/content?doc_id=d26bbab98f162f2772f34715c5d7a2819eb6309894916413fbbd3dca87821282
paper_scv_180f0a0ce6,Progress in understanding magnetic reconnection in laboratory and space astrophysical plasmas,plasma-physics,sciverse_content_v1,cb3966c0f1ce70e3fa79eb4d45fb267ea83d47eafece21e069591ff178124c1f,https://api.sciverse.space/content?doc_id=cb3966c0f1ce70e3fa79eb4d45fb267ea83d47eafece21e069591ff178124c1f
paper_scv_18edc12bd1,Rapid and accurate measurement methods for determining soil hydraulic properties: A review,scientific-ml,sciverse_content_v1,ffd84bdaa32b35595e2d86d2d5e89d79df4e871d6c0bc7ffd58cae58ce162642,https://api.sciverse.space/content?doc_id=ffd84bdaa32b35595e2d86d2d5e89d79df4e871d6c0bc7ffd58cae58ce162642
paper_scv_1c6de1b993,Computational strategies for the design of new enzymatic functions,protein-engineering,sciverse_content_v1,70a0e54dc71463d4b09b6a559300f94d86208eb165238d0d3c27011848dd28cb,https://api.sciverse.space/content?doc_id=70a0e54dc71463d4b09b6a559300f94d86208eb165238d0d3c27011848dd28cb
paper_scv_1c843475bb,Design and engineering of artificial oxygen-activating metalloenzymes,protein-engineering,sciverse_content_v1,60fd478a8c69a5903d8884ffb1c331d522d47e5ae5e8d0d24329ac27067b508f,https://api.sciverse.space/content?doc_id=60fd478a8c69a5903d8884ffb1c331d522d47e5ae5e8d0d24329ac27067b508f
paper_scv_1d855dba1d,Prediction of organic homolytic bond dissociation enthalpies at near chemical accuracy with sub-second computational cost,computational-chemistry,sciverse_content_v1,40b4ff5bf8549fd873db75b66809d65c302a3f5ba0fab4e8e121918422032d0a,https://api.sciverse.space/content?doc_id=40b4ff5bf8549fd873db75b66809d65c302a3f5ba0fab4e8e121918422032d0a
paper_scv_1dba5f1602,Highly efficient editing of the β-globin gene in patient-derived hematopoietic stem and progenitor cells to treat sickle cell disease,computational-biology,sciverse_content_v1,0b63b9543383b4609c98e5810b65a640f2eced33b08dc62649d557aaa298103e,https://api.sciverse.space/content?doc_id=0b63b9543383b4609c98e5810b65a640f2eced33b08dc62649d557aaa298103e
paper_scv_22072023e3,A genome-wide analysis of Cas9 binding specificity using ChIP-seq and targeted sequence capture,computational-biology,sciverse_content_v1,eace824ac66189c9f4a1d7663c95c0352ab3b45316a61027ec439b937166e435,https://api.sciverse.space/content?doc_id=eace824ac66189c9f4a1d7663c95c0352ab3b45316a61027ec439b937166e435
paper_scv_24aefa072b,"Solar energetic particle catalogs: Assumptions, uncertainties and validity of reports",plasma-physics,sciverse_content_v1,020ac57eae21c19db842adb1ee9f7c820de9454f35f173cf2d0202ee5f3f4fd6,https://api.sciverse.space/content?doc_id=020ac57eae21c19db842adb1ee9f7c820de9454f35f173cf2d0202ee5f3f4fd6
paper_scv_26451f5b50,Estimation of north Tabriz fault parameters using neural networks and 3D tropospherically corrected surface displacement field,earth-science,sciverse_content_v1,c85b83a669ab24d2a08efc0c4c25adb49c4bc82c9b948a9c330e58def35b46f1,https://api.sciverse.space/content?doc_id=c85b83a669ab24d2a08efc0c4c25adb49c4bc82c9b948a9c330e58def35b46f1
paper_scv_292da91711,Substituting random forest for multiple linear regression improves binding affinity prediction of scoring functions: Cyscore as a case study,drug-discovery,sciverse_content_v1,d5458b49f62e025989ea577acd976a248231b5028a438d2c7a990d8134a6c14a,https://api.sciverse.space/content?doc_id=d5458b49f62e025989ea577acd976a248231b5028a438d2c7a990d8134a6c14a
paper_scv_2cf423e975,Efficient Neural Network Approaches for Conditional Optimal Transport with Applications in Bayesian Inference,earth-science,sciverse_content_v1,28c73dfd85d1eb0c47853385f67965370f39dc28cf66f81b249bdcb022d92356,https://api.sciverse.space/content?doc_id=28c73dfd85d1eb0c47853385f67965370f39dc28cf66f81b249bdcb022d92356
paper_scv_30652fe09b,What is the best model? Application-driven Evaluation for Large Language Models,scientific-ml,sciverse_content_v1,eb2533c1efad5885123e3c5149bc27af7950e97166e29d5bf36b06d74e2af3ec,https://api.sciverse.space/content?doc_id=eb2533c1efad5885123e3c5149bc27af7950e97166e29d5bf36b06d74e2af3ec
paper_scv_33db78985b,Towards interpreting machine learning models for predicting soil moisture droughts,earth-science,sciverse_content_v1,4e8c4ad5f1a7be981a109bb6a3291d50d09623478c94b23f52da41cb9b5b9acf,https://api.sciverse.space/content?doc_id=4e8c4ad5f1a7be981a109bb6a3291d50d09623478c94b23f52da41cb9b5b9acf
paper_scv_371a65e1c8,Techniques for lightning prediction: A review,earth-science,sciverse_content_v1,d6d212ad072499e2439c092f29b4cbc514c5e85e187b55d9fc5e8f7f2dd1b81c,https://api.sciverse.space/content?doc_id=d6d212ad072499e2439c092f29b4cbc514c5e85e187b55d9fc5e8f7f2dd1b81c
paper_scv_3813247d9c,Decision tree-based detection of blowing snow events in the European Alps,earth-science,sciverse_content_v1,18478201670ddebef722543b7aebe08e24503cf88b743c8fae71215d12045ef7,https://api.sciverse.space/content?doc_id=18478201670ddebef722543b7aebe08e24503cf88b743c8fae71215d12045ef7
paper_scv_3a7facd85b,Ultra-wideband Detection of 22 Coherent Radio Bursts on M Dwarfs,plasma-physics,sciverse_content_v1,9750a06a1e9f83843b94792edff50bf1b7ec14d8ab721f39463c623b81629e76,https://api.sciverse.space/content?doc_id=9750a06a1e9f83843b94792edff50bf1b7ec14d8ab721f39463c623b81629e76
paper_scv_3c0b204de6,Using traditional machine learning and deep learning methods for on- and off-target prediction in CRISPR/Cas9: a review,computational-biology,sciverse_content_v1,5258fa002501f74909d79a064c4396a3311ccc2adaab72f215bf9764b26cf226,https://api.sciverse.space/content?doc_id=5258fa002501f74909d79a064c4396a3311ccc2adaab72f215bf9764b26cf226
paper_scv_40e3f15341,DE-STRESS: A user-friendly web application for the evaluation of protein designs,protein-engineering,sciverse_content_v1,51018e7c9d375b90a281844cbe33a01badbb23e3a39901f8dd80fcb3f8e120e0,https://api.sciverse.space/content?doc_id=51018e7c9d375b90a281844cbe33a01badbb23e3a39901f8dd80fcb3f8e120e0
paper_scv_44f03326fe,Studying Solar Eruptions from Reconstructed Coronal Magnetic Field,plasma-physics,sciverse_content_v1,813259123d6b4d5682db4fd4c378bbf8ba3ce5f89cc91093680db495bd817ff6,https://api.sciverse.space/content?doc_id=813259123d6b4d5682db4fd4c378bbf8ba3ce5f89cc91093680db495bd817ff6
paper_scv_46dca7aa81,Uranium extraction: Coordination chemistry in the ocean,protein-engineering,sciverse_content_v1,3883dd4450b0afb60a8e7bf76d61655837e6725746f30ea8c488289673856b2a,https://api.sciverse.space/content?doc_id=3883dd4450b0afb60a8e7bf76d61655837e6725746f30ea8c488289673856b2a
paper_scv_4a68690ce0,OpenFactCheck: A Unified Framework for Factuality Evaluation of LLMs,scientific-ml,sciverse_content_v1,29c50d34dcdf6b29be0ae657cda2b10e6abb8285277d8c5f096d6f5410c7a312,https://api.sciverse.space/content?doc_id=29c50d34dcdf6b29be0ae657cda2b10e6abb8285277d8c5f096d6f5410c7a312
paper_scv_4d2a46bafe,Auger Electron Spectroscopy Analysis of the Thermally Induced Degradation of MAPbI3 Perovskite Films,materials-science,sciverse_content_v1,74bec30aa4725ee313fb21c24a998259d852f21d7c1825f394724b802e7b613d,https://api.sciverse.space/content?doc_id=74bec30aa4725ee313fb21c24a998259d852f21d7c1825f394724b802e7b613d
paper_scv_4d7793b3f2,A chemical dynamics study on the gas-phase formation of triplet and singlet C5H2 carbenes,computational-chemistry,sciverse_content_v1,a14f9e54024cf559c2bbaa8ed8d06f6a5c8bdf822784cb1225d65ca4c7a659ed,https://api.sciverse.space/content?doc_id=a14f9e54024cf559c2bbaa8ed8d06f6a5c8bdf822784cb1225d65ca4c7a659ed
paper_scv_51d55ed377,"Hydrogen Generation, Storage and Utilization",computational-chemistry,sciverse_content_v1,8c411469b5659cb8fd823d460a0d1d6d6e0c14e143e03d4f36281ba7d06e1240,https://api.sciverse.space/content?doc_id=8c411469b5659cb8fd823d460a0d1d6d6e0c14e143e03d4f36281ba7d06e1240
paper_scv_5292b267ea,Emulating climate extreme indices,earth-science,sciverse_content_v1,a727d36914f12c9af745688ef0e04b2f00c6cdf13489950ac1f8353610dc59d2,https://api.sciverse.space/content?doc_id=a727d36914f12c9af745688ef0e04b2f00c6cdf13489950ac1f8353610dc59d2
paper_scv_576b84fcae,ARB: Advanced Reasoning Benchmark for Large Language Models,scientific-ml,sciverse_content_v1,b301933225e15894334486b4401458f95ecceffbca2956846083169f39a1cf45,https://api.sciverse.space/content?doc_id=b301933225e15894334486b4401458f95ecceffbca2956846083169f39a1cf45
paper_scv_598459403c,Feature-based Transferable Disruption Prediction for future tokamaks using domain adaptation,plasma-physics,sciverse_content_v1,6162748f87245f483e706969a935209209dc4c98acdc3923a677f35a50961606,https://api.sciverse.space/content?doc_id=6162748f87245f483e706969a935209209dc4c98acdc3923a677f35a50961606
paper_scv_599d424c5d,Evaluating Robustness of Generative Search Engine on Adversarial Factual Questions,scientific-ml,sciverse_content_v1,1be959fb4827219866577f9d47e6fd9327867dd890354a6a3d9d76fe81d2c7b8,https://api.sciverse.space/content?doc_id=1be959fb4827219866577f9d47e6fd9327867dd890354a6a3d9d76fe81d2c7b8
paper_scv_5adfe4eaeb,"Structural Biology in Drug Discovery: Methods, Techniques, and Practices",drug-discovery,sciverse_content_v1,0c501821e4c66471bfbd2089220bd6cfe7a3c5d2d36be1da0f43d45324929ecc,https://api.sciverse.space/content?doc_id=0c501821e4c66471bfbd2089220bd6cfe7a3c5d2d36be1da0f43d45324929ecc
paper_scv_5cca5c3361,Causal identification of single-cell experimental perturbation effects with CINEMA-OT,computational-biology,sciverse_content_v1,6f3e9429620929af6c9a5aeb797f0f695454595c55642cc805ff973d336e7a40,https://api.sciverse.space/content?doc_id=6f3e9429620929af6c9a5aeb797f0f695454595c55642cc805ff973d336e7a40
paper_scv_635069ec43,Iterative approach to computational enzyme design,protein-engineering,sciverse_content_v1,e8629d002f8feb5bbc7f31aac70810480d9131bc2fd410a373d49225badd728f,https://api.sciverse.space/content?doc_id=e8629d002f8feb5bbc7f31aac70810480d9131bc2fd410a373d49225badd728f
paper_scv_6598d9c479,Recent Advances in Energy Chemistry between Solid-State Electrolyte and Safe Lithium-Metal Anodes,materials-science,sciverse_content_v1,c1eb765db94b9a6cc91a3316dd4a7019ca080371b7db899fbf2aec2edd0aec12,https://api.sciverse.space/content?doc_id=c1eb765db94b9a6cc91a3316dd4a7019ca080371b7db899fbf2aec2edd0aec12
paper_scv_6a273c733f,REASONS: A benchmark for REtrieval and Automated citationS Of scieNtific Sentences using Public and Proprietary LLMs,scientific-ml,sciverse_content_v1,a94a860bd5c1686ec9a285d1a4f8a885e50ed3d5be845453c98a80d4313a7284,https://api.sciverse.space/content?doc_id=a94a860bd5c1686ec9a285d1a4f8a885e50ed3d5be845453c98a80d4313a7284
paper_scv_6c18631db5,UQ for Credit Risk Management: A deep evidence regression approach,drug-discovery,sciverse_content_v1,fa357a923064ca484995cabb65618f7ab5ed365761c68ef96a82761f14361a2c,https://api.sciverse.space/content?doc_id=fa357a923064ca484995cabb65618f7ab5ed365761c68ef96a82761f14361a2c
paper_scv_6c3ce38de4,Large Scale Foundation Model on Single-cell Transcriptomics,computational-biology,sciverse_content_v1,5f83d3f0b9429c0f3559290d5e333d38a640e8a61678f7dfc7927ee203452c22,https://api.sciverse.space/content?doc_id=5f83d3f0b9429c0f3559290d5e333d38a640e8a61678f7dfc7927ee203452c22
paper_scv_6e9e6cb0a4,Integrated metal‐organic framework (MOF) and pressure/vacuum swing adsorption process design: MOF matching,materials-science,sciverse_content_v1,5697fada881a4cc1b6e082a0c371a7c4ef164e0e872ffaa1aed53305084e7091,https://api.sciverse.space/content?doc_id=5697fada881a4cc1b6e082a0c371a7c4ef164e0e872ffaa1aed53305084e7091
paper_scv_6f3416b1ce,Machine learning and descriptor selection for the computational discovery of metal-organic frameworks,materials-science,sciverse_content_v1,2ddb09ad3413217be32476ea4debd6c9ce8867a7327cc63c1cfeb623b03b1977,https://api.sciverse.space/content?doc_id=2ddb09ad3413217be32476ea4debd6c9ce8867a7327cc63c1cfeb623b03b1977
paper_scv_70995c0731,Anchor Points: Benchmarking Models with Much Fewer Examples,computational-biology,sciverse_content_v1,c0678dab5d6188c618eb0bef4818187e155125de568e0f8b5e7e7736134f2bdf,https://api.sciverse.space/content?doc_id=c0678dab5d6188c618eb0bef4818187e155125de568e0f8b5e7e7736134f2bdf
paper_scv_70bfea6b78,Understanding the dynamics and energetics of magnetic reconnection in a laboratory plasma: Review of recent progress on selected fronts,plasma-physics,sciverse_content_v1,fa459f5b03eb1a644061bbaa61f4de29447555773ee33e55cc3a70a407335b66,https://api.sciverse.space/content?doc_id=fa459f5b03eb1a644061bbaa61f4de29447555773ee33e55cc3a70a407335b66
paper_scv_7816f70e73,"Explainable Machine Learning Reveals Capabilities, Redundancy, and Limitations of a Geospatial Air Quality Benchmark Dataset",earth-science,sciverse_content_v1,a0ff9edfe2c99a1dac324f262eca7c248823a5c80118720acc070260e47aad0d,https://api.sciverse.space/content?doc_id=a0ff9edfe2c99a1dac324f262eca7c248823a5c80118720acc070260e47aad0d
paper_scv_79032336e0,Calibrated geometric deep learning improves kinase–drug binding predictions,drug-discovery,sciverse_content_v1,97a4952584ec2c9c9821fc422931ae2946fda280d5cafe96e2a7d1ae3c23a60c,https://api.sciverse.space/content?doc_id=97a4952584ec2c9c9821fc422931ae2946fda280d5cafe96e2a7d1ae3c23a60c
paper_scv_79261c5679,From Laptop to Benchtop to Bedside: Structure-based Drug Design on Protein Targets,drug-discovery,sciverse_content_v1,0ca3ba4039aa8efa2f3426bfa40b963459126fd26d91df3cc22a6388980c1c5c,https://api.sciverse.space/content?doc_id=0ca3ba4039aa8efa2f3426bfa40b963459126fd26d91df3cc22a6388980c1c5c
paper_scv_7a076da65d,A comparison of successful and failed protein interface designs highlights the challenges of designing buried hydrogen bonds,protein-engineering,sciverse_content_v1,8d3e1008179f3fd817f3201ea1af3693f3a87ba5007030920c3fa03c978d7c73,https://api.sciverse.space/content?doc_id=8d3e1008179f3fd817f3201ea1af3693f3a87ba5007030920c3fa03c978d7c73
paper_scv_7c15a752c5,Thermodynamic and Magnetic Topology Evolution of the X1.0 Flare on 2021 October 28 Simulated by a Data-driven Radiative Magnetohydrodynamic Model,plasma-physics,sciverse_content_v1,72a256038e61d85899f104932bc8d111b0ab312e2ac89b9308663855008f4c2d,https://api.sciverse.space/content?doc_id=72a256038e61d85899f104932bc8d111b0ab312e2ac89b9308663855008f4c2d
paper_scv_80b9242ddc,Structure-based drug discovery,drug-discovery,sciverse_content_v1,612953cd5eccf647851635699890bed587d5e914b6dd45102981cf7666a4fad9,https://api.sciverse.space/content?doc_id=612953cd5eccf647851635699890bed587d5e914b6dd45102981cf7666a4fad9
paper_scv_86cb23e1e5,A review of the SCOSTEP’s 5-year scientific program VarSITI—Variability of the Sun and Its Terrestrial Impact,plasma-physics,sciverse_content_v1,ad7337ff1d6946c36788a31c434377398e18250a4b8a0860755045c191716086,https://api.sciverse.space/content?doc_id=ad7337ff1d6946c36788a31c434377398e18250a4b8a0860755045c191716086
paper_scv_86f87f8be0,Prospects of Retrieval Augmented Generation (RAG) for Academic Library Search and Retrieval,scientific-ml,sciverse_content_v1,d25b697727de230003e6071f24f811cc56c7b39d7eeb4e30d68647d55f0ad64c,https://api.sciverse.space/content?doc_id=d25b697727de230003e6071f24f811cc56c7b39d7eeb4e30d68647d55f0ad64c
paper_scv_87c2973e0a,Using thermal interface resistance for non-invasive operando mapping of buried interfacial lithium morphology in-solid state batteries,materials-science,sciverse_content_v1,c62a87b5f8bbac2061ffc8b397eb46b60ebe9a59056cca562d904adc191f5121,https://api.sciverse.space/content?doc_id=c62a87b5f8bbac2061ffc8b397eb46b60ebe9a59056cca562d904adc191f5121
paper_scv_8b9348ace4,"Small Models, Big Insights: Leveraging Slim Proxy Models To Decide When and What to Retrieve for LLMs",scientific-ml,sciverse_content_v1,b21d19dd5e857c329dc89810ce560d16faef78032875aabd3976bbf55f0dad02,https://api.sciverse.space/content?doc_id=b21d19dd5e857c329dc89810ce560d16faef78032875aabd3976bbf55f0dad02
paper_scv_8dc042136b,"Data-driven, time-dependent modeling of pre-eruptive coronal magnetic field configuration at the periphery of NOAA AR 11726",plasma-physics,sciverse_content_v1,5a1261fef359374857de7f3ea2e83de6740a29ee9ac8e50db2ab25c8420bda3a,https://api.sciverse.space/content?doc_id=5a1261fef359374857de7f3ea2e83de6740a29ee9ac8e50db2ab25c8420bda3a
paper_scv_919ae5e8f4,Optimization of reorganization energy drives evolution of the designed Kemp eliminase KE07,protein-engineering,sciverse_content_v1,29bf000f2ebbe60cfb5c5f7dd4e1cf64dbe2f65f31de516bcfb48c269e7f44a8,https://api.sciverse.space/content?doc_id=29bf000f2ebbe60cfb5c5f7dd4e1cf64dbe2f65f31de516bcfb48c269e7f44a8
paper_scv_91b9cf752b,Data-driven Modeling of a Coronal Magnetic Flux Rope: from Birth to Death,plasma-physics,sciverse_content_v1,a7d485dfe9da66dde7cbf98388d4023e7f2eb1c1924639cc29282bc24221cf27,https://api.sciverse.space/content?doc_id=a7d485dfe9da66dde7cbf98388d4023e7f2eb1c1924639cc29282bc24221cf27
paper_scv_91bce634c9,A Recommender System for Inverse Design of Polycarbonates and Polyesters,materials-science,sciverse_content_v1,955cc434e3156940d75708c0417f8507b70425a1facde12dadfd1a2851ceaf54,https://api.sciverse.space/content?doc_id=955cc434e3156940d75708c0417f8507b70425a1facde12dadfd1a2851ceaf54
paper_scv_9281e96ded,High-throughput methods for genome editing: the more the better,computational-biology,sciverse_content_v1,7f1f46bd8f61a0f75b67124eb1e77e2b71876d46f5408e4323ba3e340a3ec8e8,https://api.sciverse.space/content?doc_id=7f1f46bd8f61a0f75b67124eb1e77e2b71876d46f5408e4323ba3e340a3ec8e8
paper_scv_92be4fba7a,Machine learning using combined structural and chemical descriptors for prediction of methane adsorption performance of metal organic frameworks (MOFs),materials-science,sciverse_content_v1,2f3502a68459e8dca43bd60d7ed58ac22cb816342fa47615a0d1595b28611968,https://api.sciverse.space/content?doc_id=2f3502a68459e8dca43bd60d7ed58ac22cb816342fa47615a0d1595b28611968
paper_scv_9355670f09,Efficient Multi-agent Reinforcement Learning by Planning,scientific-ml,sciverse_content_v1,387a4b46efddf3b6c4d627f5ba84d545c57004275050b01fed6835b0ecc8526f,https://api.sciverse.space/content?doc_id=387a4b46efddf3b6c4d627f5ba84d545c57004275050b01fed6835b0ecc8526f
paper_scv_957378c119,Communication of scientific uncertainty: international case studies on the development of folate and vitamin D Dietary Reference Values,scientific-ml,sciverse_content_v1,9d59dcacfbd50bdf7a060bdbcab0aeaa6935038ce659ca09dcab35fe5c744029,https://api.sciverse.space/content?doc_id=9d59dcacfbd50bdf7a060bdbcab0aeaa6935038ce659ca09dcab35fe5c744029
paper_scv_96e81eb991,Hit discovery and hit-to-lead approaches,drug-discovery,sciverse_content_v1,04fc8e08994b1ebf0aeca8404cd6bca6f94f4245ac2213bc0eaf92a015dda1b2,https://api.sciverse.space/content?doc_id=04fc8e08994b1ebf0aeca8404cd6bca6f94f4245ac2213bc0eaf92a015dda1b2
paper_scv_9774b0116a,Decoding Heterogenous Single-cell Perturbation Responses,computational-biology,sciverse_content_v1,a4687671d0fce27f3b43c7183a3680e01d240b6004e653f3f226975cbbd89a68,https://api.sciverse.space/content?doc_id=a4687671d0fce27f3b43c7183a3680e01d240b6004e653f3f226975cbbd89a68
paper_scv_97a217352b,The data-intensive scientific revolution occurring where two-dimensional materials meet machine learning,materials-science,sciverse_content_v1,c5b6c288b2871c6cd712ada5c9d3fa44619851f075d2253c9dfd82cae6166b37,https://api.sciverse.space/content?doc_id=c5b6c288b2871c6cd712ada5c9d3fa44619851f075d2253c9dfd82cae6166b37
paper_scv_982d59a642,Machine learning the quantum-chemical properties of metal-organic frameworks for accelerated materials discovery,materials-science,sciverse_content_v1,4ba750460c201ee4045d5b4a6ebc95defadf4293517a1ba0976e3732bc839866,https://api.sciverse.space/content?doc_id=4ba750460c201ee4045d5b4a6ebc95defadf4293517a1ba0976e3732bc839866
paper_scv_99504c002e,Hunting for peptide binders of specific targets with data-centric generative language models,computational-biology,sciverse_content_v1,dec299dd0d987aa05a1fa49b8ae2c64cace03b15c15d3eab5300d7912f862b9d,https://api.sciverse.space/content?doc_id=dec299dd0d987aa05a1fa49b8ae2c64cace03b15c15d3eab5300d7912f862b9d
paper_scv_9b440b5c6e,Assessing and enhancing foldability in designed proteins,protein-engineering,sciverse_content_v1,71109b30b4dc2bd8853d6d14812727cb0f19a3968d1095b336fb21cb294f4653,https://api.sciverse.space/content?doc_id=71109b30b4dc2bd8853d6d14812727cb0f19a3968d1095b336fb21cb294f4653
paper_scv_9d0f948748,Gas adsorption meets deep learning: voxelizing the potential energy surface of metal-organic frameworks,materials-science,sciverse_content_v1,929a9cfdfa0202a6a1ca1c5ebcbc00494200c0132d0e58ad40fe2279ac842d2b,https://api.sciverse.space/content?doc_id=929a9cfdfa0202a6a1ca1c5ebcbc00494200c0132d0e58ad40fe2279ac842d2b
paper_scv_9ea7caec21,Homologous Coronal Mass Ejections Caused by Recurring Formation and Disruption of Current Sheet within a Sheared Magnetic Arcade,plasma-physics,sciverse_content_v1,59b48c3447f9599f50873471b5a7372a373ce62f10c89d403fe25c2470864466,https://api.sciverse.space/content?doc_id=59b48c3447f9599f50873471b5a7372a373ce62f10c89d403fe25c2470864466
paper_scv_a2a24e760c,"Reviews in Computational Chemistry, Vol. 16",drug-discovery,sciverse_content_v1,9fd57be124d3c4323f7986683bd663b8f5b2c0d970f7b39effc39a8a47ea16db,https://api.sciverse.space/content?doc_id=9fd57be124d3c4323f7986683bd663b8f5b2c0d970f7b39effc39a8a47ea16db
paper_scv_a3c24cb30c,A critical review on machine-learning-assisted screening and design of effective sorbents for carbon dioxide (CO2) capture,materials-science,sciverse_content_v1,86533cd1af2df83b13408e0eb7a0531744b7019ffc48396030e2d001938ba7e9,https://api.sciverse.space/content?doc_id=86533cd1af2df83b13408e0eb7a0531744b7019ffc48396030e2d001938ba7e9
paper_scv_a467c5d4a1,Space-mapping modelling of microwave devices using multi-fidelity electromagnetic simulations,computational-chemistry,sciverse_content_v1,4526cbf58212119f22eb896510a92c2115297389802e3055ce16df092568ab4c,https://api.sciverse.space/content?doc_id=4526cbf58212119f22eb896510a92c2115297389802e3055ce16df092568ab4c
paper_scv_a6ad64591a,Recent advances in biocatalyst development in the pharmaceutical industry,protein-engineering,sciverse_content_v1,7369b375f2209716be23879f27309c00f7d96df41b2e1467f741f6d154e5744d,https://api.sciverse.space/content?doc_id=7369b375f2209716be23879f27309c00f7d96df41b2e1467f741f6d154e5744d
paper_scv_a79aece02f,"Solid State Batteries: Design, Challenges and Market Demands",materials-science,sciverse_content_v1,5dda0aeeb16ecf77e629dd09dea1575feb3671e679cab540324d23f75d616716,https://api.sciverse.space/content?doc_id=5dda0aeeb16ecf77e629dd09dea1575feb3671e679cab540324d23f75d616716
paper_scv_ad754f5768,PeMeBench:中文儿科医疗问答基准测试方法,scientific-ml,sciverse_content_v1,c8459192688985e675fd8766f61c07420c07446616e07c9da4dc12a800d0477c,https://api.sciverse.space/content?doc_id=c8459192688985e675fd8766f61c07420c07446616e07c9da4dc12a800d0477c
paper_scv_b3ac5ffe31,SciAgent: Tool-augmented Language Models for Scientific Reasoning,scientific-ml,sciverse_content_v1,39226d7f98b5bba184fc2c65fd34cdb323cc9830dda6039ecbf6c531adc4a0c4,https://api.sciverse.space/content?doc_id=39226d7f98b5bba184fc2c65fd34cdb323cc9830dda6039ecbf6c531adc4a0c4
paper_scv_b4d83bcf0a,A quantitative model for the dynamics of target recognition and off-target rejection by the CRISPR-Cas Cascade complex,computational-biology,sciverse_content_v1,98d97d8dfe81a66f5f5ef6a15e6a526b70b92ebd61afa09c882ad747ef2aef28,https://api.sciverse.space/content?doc_id=98d97d8dfe81a66f5f5ef6a15e6a526b70b92ebd61afa09c882ad747ef2aef28
paper_scv_b6dd663103,Carbon Dioxide Capture: Prospects for New Materials,materials-science,sciverse_content_v1,462ec29e3f740207f532483c8475209b9ac56865bc8c7b5982c88bab209c22ee,https://api.sciverse.space/content?doc_id=462ec29e3f740207f532483c8475209b9ac56865bc8c7b5982c88bab209c22ee
paper_scv_b736b90ed5,Perspectives on Computational Enzyme Modeling: From Mechanisms to Design and Drug Development,protein-engineering,sciverse_content_v1,418c03ae11a48e98b5a8be0178f2ab10da0a1fd8eef6eb9d7d3093e181ece19e,https://api.sciverse.space/content?doc_id=418c03ae11a48e98b5a8be0178f2ab10da0a1fd8eef6eb9d7d3093e181ece19e
paper_scv_b8371e2ed5,Phenotypic Drug Discovery for Human African Trypanosomiasis: A Powerful Approach,drug-discovery,sciverse_content_v1,4ffa85240a7c55c6cd5cd81fda23b460ca0adf8bb143314d8c1dac5b39c18db2,https://api.sciverse.space/content?doc_id=4ffa85240a7c55c6cd5cd81fda23b460ca0adf8bb143314d8c1dac5b39c18db2
paper_scv_b85321c46d,The role of non-axisymmetry of magnetic flux rope in constraining solar eruptions,plasma-physics,sciverse_content_v1,55adc4b6d2fa7549ca641486afcab458cdd9e87f5b7c14229a8c2e7215eea0a4,https://api.sciverse.space/content?doc_id=55adc4b6d2fa7549ca641486afcab458cdd9e87f5b7c14229a8c2e7215eea0a4
paper_scv_b8a065c83e,xxMD: Benchmarking Neural Force Fields Using Extended Dynamics beyond Equilibrium,computational-chemistry,sciverse_content_v1,0e773d9dbe5e37131f741c0edde0ebe2997f74b2286ba8a83b19ca7922cbfef3,https://api.sciverse.space/content?doc_id=0e773d9dbe5e37131f741c0edde0ebe2997f74b2286ba8a83b19ca7922cbfef3
paper_scv_b8b7cad469,Bridging the gaps in design methodologies by evolutionary optimization of the stability and proficiency of designed Kemp eliminase KE59,protein-engineering,sciverse_content_v1,8a095826781173d358be920e7832e74a192a0c88c11c04079bacaf98b8a02dc6,https://api.sciverse.space/content?doc_id=8a095826781173d358be920e7832e74a192a0c88c11c04079bacaf98b8a02dc6
paper_scv_b8f5b848f9,Integrative Theory/Experiment-Driven Exploration of a Multicomponent Reaction towards Imidazoline-2-(thi)ones,computational-chemistry,sciverse_content_v1,e46658bb210e9444449db352417773735bee9127f67e9f2304dc0351dc1baf17,https://api.sciverse.space/content?doc_id=e46658bb210e9444449db352417773735bee9127f67e9f2304dc0351dc1baf17
paper_scv_b99c276257,Minimal crystallographic descriptors of sorption properties in hypothetical MOFs and role in sequential learning optimization,materials-science,sciverse_content_v1,16b619901d590159c686ebcc7753daea652b5b6279719c65855f87fde17cd37d,https://api.sciverse.space/content?doc_id=16b619901d590159c686ebcc7753daea652b5b6279719c65855f87fde17cd37d
paper_scv_bcd0ca5064,"Hydrogen Abstraction by Chlorine Atom from Small Organic Molecules Containing Amino Acid Functionalities: An Assessment of Theoretical Procedures              <sup>†</sup>",computational-chemistry,sciverse_content_v1,bd00fbca33abaf6e9caa87dd3792501a141aa515d7fb3d7b197592dcc9822fb6,https://api.sciverse.space/content?doc_id=bd00fbca33abaf6e9caa87dd3792501a141aa515d7fb3d7b197592dcc9822fb6
paper_scv_bd63110981,Optimization of the In-Silico-Designed Kemp Eliminase KE70 by Computational Design and Directed Evolution,protein-engineering,sciverse_content_v1,12151ddc32049be54d5b15439df85b6d6fbe1d6d025dd318505dc3118f8fef55,https://api.sciverse.space/content?doc_id=12151ddc32049be54d5b15439df85b6d6fbe1d6d025dd318505dc3118f8fef55
paper_scv_c2cf4546f3,"Husky: A Unified, Open-Source Language Agent for Multi-Step Reasoning",scientific-ml,sciverse_content_v1,ee803e33c690790cf6f377749fc1b9fd52b6d87e7a701da876f0b87ee559245c,https://api.sciverse.space/content?doc_id=ee803e33c690790cf6f377749fc1b9fd52b6d87e7a701da876f0b87ee559245c
paper_scv_c3fcd236ac,ProteinGLUE: A multi-task benchmark suite for self-supervised protein modeling,computational-biology,sciverse_content_v1,7efaff4ce21b5700c5d4ae08c5974a86c3bf5776d4aaa924384386665879939c,https://api.sciverse.space/content?doc_id=7efaff4ce21b5700c5d4ae08c5974a86c3bf5776d4aaa924384386665879939c
paper_scv_c40723a24b,Review of controlled laboratory experiments on physics of magnetic reconnection,plasma-physics,sciverse_content_v1,cbf6c4cfdf2908e80dfe87e8384e517cb0fff308e63e331fe3dafde2976ff9df,https://api.sciverse.space/content?doc_id=cbf6c4cfdf2908e80dfe87e8384e517cb0fff308e63e331fe3dafde2976ff9df
paper_scv_c546696163,Efficient Bayesian experimental design for contaminant source identification,computational-chemistry,sciverse_content_v1,e67c6c0aabedb167a120d49c8e923f4691458c3dc9c7dd020a02fb6f36aa586f,https://api.sciverse.space/content?doc_id=e67c6c0aabedb167a120d49c8e923f4691458c3dc9c7dd020a02fb6f36aa586f
paper_scv_c79f6f57b4,Stability and uncertainty assessment of geoelectrical resistivity model parameters: a new hybrid metaheuristic algorithm and posterior probability densityfunction approach,earth-science,sciverse_content_v1,301be9340a37883c5ac8fc6f0f85d8b2bbbeb589b4f54a75a078253eb11c7959,https://api.sciverse.space/content?doc_id=301be9340a37883c5ac8fc6f0f85d8b2bbbeb589b4f54a75a078253eb11c7959
paper_scv_c822a54997,An extension of the grid empowered molecular simulator to quantum reactive scattering,computational-chemistry,sciverse_content_v1,417695e1318c24485edc2b8e9ccfdc0849120888f1922481a0544a074913fd42,https://api.sciverse.space/content?doc_id=417695e1318c24485edc2b8e9ccfdc0849120888f1922481a0544a074913fd42
paper_scv_cb65698c88,On forward and inverse uncertainty quantification for models involving hysteresis operators,earth-science,sciverse_content_v1,5714146cbe043a17f4cc40eadc3b53ccf5c1b518714266d56984161903101670,https://api.sciverse.space/content?doc_id=5714146cbe043a17f4cc40eadc3b53ccf5c1b518714266d56984161903101670
paper_scv_cd8b60cd06,Operando Transmission Electron Microscopy Study of All-Solid-State Battery Interface: Redistribution of Lithium among Interconnected Particles,materials-science,sciverse_content_v1,3f61f078fe148c93af40e5c597569d768efed14d7c6fe65e271cf3da1023a318,https://api.sciverse.space/content?doc_id=3f61f078fe148c93af40e5c597569d768efed14d7c6fe65e271cf3da1023a318
paper_scv_cf14537f5a,Sequential Optimal Experimental Design of Perturbation Screens Guided by Multi-modal Priors,computational-biology,sciverse_content_v1,a05ef429687eae6590d0b021ee36eb5d99b18cf8a8e9d626ec6a742eea631165,https://api.sciverse.space/content?doc_id=a05ef429687eae6590d0b021ee36eb5d99b18cf8a8e9d626ec6a742eea631165
paper_scv_d0129ab9ed,FULLY CONVOLUTIONAL SPATIO-TEMPORAL MODELS FOR REPRESENTATION LEARNING IN PLASMA SCIENCE,plasma-physics,sciverse_content_v1,f715f583e66d22fd88f4f91f35e7011004c309d32b65b4016428048456d2d732,https://api.sciverse.space/content?doc_id=f715f583e66d22fd88f4f91f35e7011004c309d32b65b4016428048456d2d732
paper_scv_d146665095,Rapid Design of Top-Performing Metal-Organic Frameworks with Qualitative Representations of Building Blocks,materials-science,sciverse_content_v1,7019332d33fff62ca3e73f97b4ec9111649c2d7f810127652aba4d5af535b1b4,https://api.sciverse.space/content?doc_id=7019332d33fff62ca3e73f97b4ec9111649c2d7f810127652aba4d5af535b1b4
paper_scv_d1860408b9,Exploring the Behavior and Performance of Large Language Models: Can LLMs Infer Answers to Questions Involving Restricted Information?,scientific-ml,sciverse_content_v1,e804e0552d0d1b2a0930bd76fa7ab7c58cfabfba9992f4d520a26f3c8dbe864b,https://api.sciverse.space/content?doc_id=e804e0552d0d1b2a0930bd76fa7ab7c58cfabfba9992f4d520a26f3c8dbe864b
paper_scv_d274c2d23e,Uncertainty Management in Remote Sensing of Climate Data: Summary of a Workshop,earth-science,sciverse_content_v1,39cbbb48d0649692220604408f9aeaab813e2f872bdae2f09319a5afaf60005a,https://api.sciverse.space/content?doc_id=39cbbb48d0649692220604408f9aeaab813e2f872bdae2f09319a5afaf60005a
paper_scv_d38c4f25a4,HESML: a real-time semantic measures library for the biomedical domain with a reproducible survey,scientific-ml,sciverse_content_v1,539280c3ad1a75047fb68d3b45ff637496f1897ce3a7aa322b976a68fe220f83,https://api.sciverse.space/content?doc_id=539280c3ad1a75047fb68d3b45ff637496f1897ce3a7aa322b976a68fe220f83
paper_scv_d7d1138911,Event hazard function learning and survival analysis for tearing mode onset characterization,plasma-physics,sciverse_content_v1,ec48a8c40c3f854e913bd3609da9d0d276ac6c2213bf02e021ee581d9f255a00,https://api.sciverse.space/content?doc_id=ec48a8c40c3f854e913bd3609da9d0d276ac6c2213bf02e021ee581d9f255a00
paper_scv_dbefaa0658,AB-Gen: Antibody Library Design with Generative Pre-trained Transformer and Deep Reinforcement Learning,protein-engineering,sciverse_content_v1,f0e455ed85f01ec72e093d08773295f148ec7335572f4577cc7b9eb44309d409,https://api.sciverse.space/content?doc_id=f0e455ed85f01ec72e093d08773295f148ec7335572f4577cc7b9eb44309d409
paper_scv_dceeb96d73,CellFM: a large-scale foundation model pre-trained on transcriptomics of 100 million human cells,computational-biology,sciverse_content_v1,41d9141d6ec92fb941540c1dc45671a3b3de09a382608eea0f5065d1a59e95c6,https://api.sciverse.space/content?doc_id=41d9141d6ec92fb941540c1dc45671a3b3de09a382608eea0f5065d1a59e95c6
paper_scv_e3ffaed41a,Evaluating the Effectiveness of Retrieval-Augmented Large Language Models in Scientific Document Reasoning,scientific-ml,sciverse_content_v1,6c7b33e19e6f8d0dd39c6f3b19da42ed68d095f007faa8f34c670995d099fbf0,https://api.sciverse.space/content?doc_id=6c7b33e19e6f8d0dd39c6f3b19da42ed68d095f007faa8f34c670995d099fbf0
paper_scv_e59be4cc1c,Understanding climate change with statistical downscaling and machine learning,earth-science,sciverse_content_v1,5c99b433d0ed1c7beefcb7f3214c8590f32bc9710b3e17dac60c8459dbdc4fbe,https://api.sciverse.space/content?doc_id=5c99b433d0ed1c7beefcb7f3214c8590f32bc9710b3e17dac60c8459dbdc4fbe
paper_scv_e852afd517,Uncertainty Quantification for Bird's Eye View Semantic Segmentation: Methods and Benchmarks,drug-discovery,sciverse_content_v1,6f86d6c0892d44e3d633d285a4549c868df9bb27aeb54378999828c3d33781fc,https://api.sciverse.space/content?doc_id=6f86d6c0892d44e3d633d285a4549c868df9bb27aeb54378999828c3d33781fc
paper_scv_e9543f1482,SCITAB: A Challenging Benchmark for Compositional Reasoning and Claim Verification on Scientific Tables,scientific-ml,sciverse_content_v1,ddc64b1a236b7781cdd5017e130d7bc650901fb0a368b667e69c2d19b8014c70,https://api.sciverse.space/content?doc_id=ddc64b1a236b7781cdd5017e130d7bc650901fb0a368b667e69c2d19b8014c70
paper_scv_e97b205b44,"Microkinetic modelling of HC-SCR of NO to N              <sub/>2</sub>              , N              <sub/>2</sub>              O and NO              <sub/>2</sub>              on Pt catalysts in automotive aftertreatment",computational-chemistry,sciverse_content_v1,958c89237c4e943bbdaecd342ae844c523adaaa73d3405b5bc54c9f197885f7e,https://api.sciverse.space/content?doc_id=958c89237c4e943bbdaecd342ae844c523adaaa73d3405b5bc54c9f197885f7e
paper_scv_ec315f9904,SheetAgent: A Generalist Agent for Spreadsheet Reasoning and Manipulation via Large Language Models,scientific-ml,sciverse_content_v1,bb05aaad88a2d7ccba81469080935625beab28a15c1f1ecb64f305807d5b8a12,https://api.sciverse.space/content?doc_id=bb05aaad88a2d7ccba81469080935625beab28a15c1f1ecb64f305807d5b8a12
paper_scv_f1a668793c,Lead optimization attrition analysis (LOAA): a novel and general methodology for medicinal chemistry,drug-discovery,sciverse_content_v1,5a5e4109a805f5cccef291c31577a88ff49b97b751b5ecfe1573c7e55f12c3a5,https://api.sciverse.space/content?doc_id=5a5e4109a805f5cccef291c31577a88ff49b97b751b5ecfe1573c7e55f12c3a5
paper_scv_f263adfbcd,Failed Eruption of a Filament as a Driver for Vertical Oscillations of Coronal Loops,plasma-physics,sciverse_content_v1,5cf579823ed82923078a5d629f9aa76183a87b286d565386ca6543bfc78e42fd,https://api.sciverse.space/content?doc_id=5cf579823ed82923078a5d629f9aa76183a87b286d565386ca6543bfc78e42fd
paper_scv_f3d16c81b6,Auto In Silico Ligand Directing Evolution to Facilitate the Rapid and Efficient Discovery of Drug Lead,drug-discovery,sciverse_content_v1,58e75303fe77cb19dd043513c2731d05371cb6065528e21d28bc6ab441072f41,https://api.sciverse.space/content?doc_id=58e75303fe77cb19dd043513c2731d05371cb6065528e21d28bc6ab441072f41
paper_scv_f995e1ccde,Recent Progress in Understanding Solar Magnetic Reconnection,plasma-physics,sciverse_content_v1,c07542576d88b5ccadc989dbc4fa72c6795418e25b7c0eae4c7f976502e059b7,https://api.sciverse.space/content?doc_id=c07542576d88b5ccadc989dbc4fa72c6795418e25b7c0eae4c7f976502e059b7
paper_scv_fe041339af,Computational redesign of a mononuclear zinc metalloenzyme for organophosphate hydrolysis,protein-engineering,sciverse_content_v1,0852c7421213886af7385536955bb95cde85f6d6e387fde280e8392cacb6c6f3,https://api.sciverse.space/content?doc_id=0852c7421213886af7385536955bb95cde85f6d6e387fde280e8392cacb6c6f3
paper_scv_ffb85b0cd4,Hunting for Complex Organic Molecules in the Interstellar Medium: The Role of Accurate Low-Cost Theoretical Geometries and Rotational Constants,computational-chemistry,sciverse_content_v1,9e333bad04eabfc471e948aaa569e29d421e7afc0e0945ea020a5d5dd4af47b1,https://api.sciverse.space/content?doc_id=9e333bad04eabfc471e948aaa569e29d421e7afc0e0945ea020a5d5dd4af47b1
